[
	{
		"entity": "네",
		"values": [
			{
				"type": "synonyms",
				"value": "네",
				"synonyms": [
					"넵",
					"넹",
					"앙",
					"예",
					"옙",
					"옹",
					"웅",
					"응",
					"구래",
					"구랭",
					"그래",
					"그랭",
					"네네",
					"네에",
					"오냐",
					"그으래",
					"ㅇㅇ",
					"ㅇㅇㅇ",
					"ㅇㅋ",
					"ㅇㅋㄷㅋ"
				]
			}
		]
	},
	{
		"entity": "계속",
		"values": [
			{
				"type": "synonyms",
				"value": "계속",
				"synonyms": [
					"개속"
				]
			}
		]
	},
	{
		"entity": "그만",
		"values": [
			{
				"type": "synonyms",
				"value": "그만",
				"synonyms": [
					"끝",
					"그먼",
					"스탑",
					"그마안",
					"그만ㄴ"
				]
			}
		]
	},
	{
		"entity": "날씨",
		"values": [
			{
				"type": "synonyms",
				"value": "날씨",
				"synonyms": [
					"눈",
					"비",
					"구름",
					"기온",
					"바람",
					"태풍",
					"폭풍",
					"햇빛",
					"소나기",
					"쓰나미",
					"진눈깨비"
				]
			}
		]
	},
	{
		"entity": "완료",
		"values": [
			{
				"type": "synonyms",
				"value": "완료",
				"synonyms": [
					"결재완료",
					"결제완료",
					"결재 완료",
					"결제 완료"
				]
			}
		]
	},
	{
		"entity": "푸디",
		"values": [
			{
				"type": "synonyms",
				"value": "푸디야",
				"synonyms": [
					"푸디",
					"푸디얌",
					"푸디야아",
					"푸디푸디",
					"푸디야!",
					"푸디야?",
					"푸디야~",
					"푸디!",
					"푸디!!",
					"푸디!!!",
					"푸디?",
					"푸디??",
					"푸디~",
					"푸디~~",
					"푸디~~~"
				]
			}
		]
	},
	{
		"entity": "미완료",
		"values": [
			{
				"type": "synonyms",
				"value": "미완료",
				"synonyms": [
					"결재미완료",
					"결제미완료",
					"결재 미완료",
					"결제 미완료"
				]
			}
		]
	},
	{
		"entity": "상품명",
		"values": [
			{
				"type": "synonyms",
				"value": "상품명",
				"synonyms": [
					"김",
					"쌀",
					"죽",
					"팩",
					"감자",
					"냉면",
					"두유",
					"디톡",
					"라면",
					"로션",
					"린스",
					"립밤",
					"멸치",
					"버터",
					"샴푸",
					"쉬크",
					"스팸",
					"양파",
					"어묵",
					"연어",
					"오일",
					"체리",
					"치즈",
					"칡즙",
					"커피",
					"크림",
					"피자",
					"햇반",
					"향수",
					"황도",
					"휴지",
					"감식초",
					"고구마",
					"골뱅이",
					"더반찬",
					"돈까스",
					"들애수",
					"루테인",
					"맥스봉",
					"멀티탭",
					"물만두",
					"방충망",
					"베이컨",
					"베지밀",
					"볶음밥",
					"비비고",
					"비트즙",
					"비폴렌",
					"사과즙",
					"선풍기",
					"소세지",
					"아몬드",
					"양반김",
					"오뚜기",
					"장어즙",
					"정관장",
					"질레트",
					"커피빈",
					"컵라면",
					"탄산수",
					"토마토",
					"포도즙",
					"함초환",
					"핫도그",
					"헛개즙",
					"헤어팩",
					"강황가루",
					"개똥쑥환",
					"녹차티백",
					"다시마환",
					"다향오리",
					"닭가슴살",
					"댕기머리",
					"리빙박스",
					"립라이너",
					"마스카라",
					"무화과즙",
					"뽕잎분말",
					"작두콩환",
					"전자렌지",
					"초록홍합",
					"컨디셔너",
					"쿨피스톡",
					"피자치즈",
					"흑양파즙",
					"흰민들레",
					"겨우살이차",
					"고르곤졸라",
					"마사지크림",
					"멀티비타민",
					"블루베리즙",
					"아로니아즙",
					"전자레인지",
					"카카오닙스",
					"클렌징오일",
					"프로폴리스",
					"그라비올라즙",
					"스쿠알렌캡슐",
					"오미자엑기스",
					"페이스파우더",
					"헤어컨디셔너",
					"메이크업베이스",
					"크림파운데이션",
					"리퀴드파운데이션",
					"해쉬브라운 감자",
					"벌레막이 방충망",
					"비비고 왕교자",
					"3M"
				]
			}
		]
	},
	{
		"entity": "아니오",
		"values": [
			{
				"type": "synonyms",
				"value": "아니오",
				"synonyms": [
					"놉",
					"노노",
					"노우",
					"시러",
					"싫어",
					"아녀",
					"아뇨",
					"아니",
					"아닝",
					"노노노",
					"싫어여",
					"싫어요",
					"아니영",
					"아니요",
					"아니이",
					"아닙니다"
				]
			}
		]
	},
	{
		"entity": "없어요",
		"values": [
			{
				"type": "synonyms",
				"value": "없어요",
				"synonyms": [
					"업셔",
					"없다",
					"없슴",
					"없어",
					"없엉",
					"없음",
					"없네요",
					"없어여",
					"없어요",
					"없음다",
					"없습니다",
					"필요 없어"
				]
			}
		]
	},
	{
		"entity": "화이트",
		"values": [
			{
				"type": "synonyms",
				"value": "화이트",
				"synonyms": [
					"화이트 등급",
					"WHITE",
					"WHITE 등급"
				]
			}
		]
	},
	{
		"entity": "고객변심",
		"values": [
			{
				"type": "synonyms",
				"value": "고객변심",
				"synonyms": [
					"변심",
					"고객 변심"
				]
			}
		]
	},
	{
		"entity": "기타문의",
		"values": [
			{
				"type": "synonyms",
				"value": "기타 문의",
				"synonyms": [
					"기타",
					"기타문의",
					"기타 문의"
				]
			}
		]
	},
	{
		"entity": "동원상온",
		"values": [
			{
				"type": "synonyms",
				"value": "동원상온",
				"synonyms": [
					"상온",
					"동원상온",
					"동원 상온",
					"A",
					"A번",
					"동원 상온 (캔/통조림류, 즉석식품, 물/음료, GNC, 천지인 등)"
				]
			}
		]
	},
	{
		"entity": "반품신청",
		"values": [
			{
				"type": "synonyms",
				"value": "반품 신청",
				"synonyms": [
					"반품",
					"반품신청"
				]
			}
		]
	},
	{
		"entity": "반품완료",
		"values": [
			{
				"type": "synonyms",
				"value": "반품완료",
				"synonyms": [
					"반품완료여",
					"반품완료요",
					"반품 완료",
					"반품 완료여",
					"반품 완료요"
				]
			}
		]
	},
	{
		"entity": "반품접수",
		"values": [
			{
				"type": "synonyms",
				"value": "반품접수",
				"synonyms": [
					"반품접수여",
					"반품접수요",
					"반품 접수",
					"반품 접수여",
					"반품 접수요"
				]
			}
		]
	},
	{
		"entity": "반품지시",
		"values": [
			{
				"type": "synonyms",
				"value": "반품지시",
				"synonyms": [
					"반품지시여",
					"반품지시요",
					"반품 지시",
					"반품 지시여",
					"반품 지시요"
				]
			}
		]
	},
	{
		"entity": "상품하자",
		"values": [
			{
				"type": "synonyms",
				"value": "상품하자",
				"synonyms": [
					"하자",
					"상품에 하자",
					"상품 하자"
				]
			}
		]
	},
	{
		"entity": "주문취소",
		"values": [
			{
				"type": "synonyms",
				"value": "주문취소",
				"synonyms": [
					"쥬문취소",
					"주문 취소",
					"쥬문 취소"
				]
			}
		]
	},
	{
		"entity": "카드결제",
		"values": [
			{
				"type": "synonyms",
				"value": "카드결제",
				"synonyms": [
					"카드",
					"카드결재",
					"카드 결재",
					"카드 결제"
				]
			}
		]
	},
	{
		"entity": "쿠폰안내",
		"values": [
			{
				"type": "synonyms",
				"value": "쿠폰다운",
				"synonyms": [
					"쿠폰다운",
					"쿠폰 다운"
				]
			},
			{
				"type": "synonyms",
				"value": "쿠폰사용",
				"synonyms": [
					"쿠폰사용",
					"쿠폰 사용"
				]
			},
			{
				"type": "synonyms",
				"value": "쿠폰종류",
				"synonyms": [
					"쿠폰종류",
					"쿠폰 종류"
				]
			}
		]
	},
	{
		"entity": "테스트용",
		"values": [
			{
				"type": "synonyms",
				"value": "테스트용 intent",
				"synonyms": [
					"테스트할 때 사용하는 intent",
					"테스트용 intent",
					"테스트 사용 intent",
					"테스트 시 사용 intent"
				]
			}
		]
	},
	{
		"entity": "현금결제",
		"values": [
			{
				"type": "synonyms",
				"value": "현금결제",
				"synonyms": [
					"현금",
					"현금결재",
					"현금 결재",
					"현금 결제"
				]
			}
		]
	},
	{
		"entity": "환불신청",
		"values": [
			{
				"type": "synonyms",
				"value": "환불 신청",
				"synonyms": [
					"환불신청",
					"환불신청여",
					"환불신청요",
					"환불 신청여",
					"환불 신청요"
				]
			}
		]
	},
	{
		"entity": "환불완료",
		"values": [
			{
				"type": "synonyms",
				"value": "환불완료",
				"synonyms": [
					"환불완료여",
					"환불완료요",
					"환불 완료",
					"환불 완료여",
					"환불 완료요"
				]
			}
		]
	},
	{
		"entity": "가입할래요",
		"values": [
			{
				"type": "synonyms",
				"value": "가입할래요",
				"synonyms": [
					"가입할래",
					"가입할래요"
				]
			}
		]
	},
	{
		"entity": "나눔이벤트",
		"values": [
			{
				"type": "synonyms",
				"value": "나눔이벤트",
				"synonyms": [
					"나눔이벤트",
					"나눔 이벤트",
					"나눔 이벤트란",
					"나눔 이벤트 무엇",
					"나눔 이벤트 소개",
					"나눔 이벤트 안내"
				]
			}
		],
		"fuzzy_match": true
	},
	{
		"entity": "네안보여요",
		"values": [
			{
				"type": "synonyms",
				"value": "네, 안보여요",
				"synonyms": [
					"안보여",
					"안보여요",
					"네안보여요",
					"안보입니다",
					"네 안보여요",
					"네 안보입니다"
				]
			}
		],
		"fuzzy_match": false
	},
	{
		"entity": "레시피추천",
		"values": [
			{
				"type": "synonyms",
				"value": "꽁치",
				"synonyms": [
					"꽁치요리",
					"꽁치레시피",
					"꽁치레시피 추천",
					"꽁치로 소개",
					"꽁치로 보여줘",
					"꽁치로 요리하는 방법",
					"꽁치 요리",
					"꽁치 레시피",
					"꽁치 보여줘",
					"꽁치 요리법",
					"꽁치 레시피로",
					"꽁치 레시피 소개",
					"꽁치 레시피 추천",
					"꽁치 요리법 추천"
				]
			},
			{
				"type": "synonyms",
				"value": "리챔",
				"synonyms": [
					"리챔요리",
					"리챔레시피",
					"리챔레시피 추천",
					"리챔으로 보여줘",
					"리챔 요리",
					"리챔 레시피",
					"리챔 보여줘",
					"리쳄 레시피",
					"리챔 레시피로",
					"리챔 레시피 소개",
					"리챔 요리법 추천",
					"리쳄 요리법 소개",
					"리챔 레시피 보여줘"
				]
			},
			{
				"type": "synonyms",
				"value": "만두",
				"synonyms": [
					"만두요리",
					"만두레시피",
					"만두레시피 추천",
					"만두로 보여줘",
					"만두로 요리하는 방법",
					"만두 요리",
					"만두 레시피",
					"만두 보여줘",
					"만두 요리법",
					"만두 레시피로 보여줘",
					"만두 레시피 소개",
					"만두 레시피 추천",
					"만두 요리법 추천",
					"만두 레시피 보여줘"
				]
			},
			{
				"type": "synonyms",
				"value": "참치",
				"synonyms": [
					"참치요리",
					"참치레시피",
					"참치레시피 추천",
					"참치로 할래",
					"참치로 보여줘",
					"참치로 요리하는 방법",
					"참치 요리",
					"참치 레시피",
					"참치 보여줘",
					"참치 요리법",
					"참치 레시피로",
					"참치 레시피 소개",
					"참치 레시피 추천",
					"참치 요리업 추천",
					"참치 레시피 보여줘"
				]
			},
			{
				"type": "synonyms",
				"value": "고등어",
				"synonyms": [
					"고등어요리",
					"고등어레시피",
					"고등어레시피 추천",
					"고등어레시피 보여줘",
					"고등어로 보여줘",
					"고등어로 요리하는 방법",
					"고등어 요리",
					"고등어 레시피",
					"고등어 보여줘",
					"고등어 요리법",
					"고등어 레시피로",
					"고등어 레시피 소개",
					"고등어 레시피 추천",
					"고등어 요리법 추천"
				]
			}
		]
	},
	{
		"entity": "밴드플러스",
		"values": [
			{
				"type": "synonyms",
				"value": "밴드플러스",
				"synonyms": [
					"밴드회원",
					"유료회원",
					"밴드플러스",
					"밴드회원제",
					"유료멤버십",
					"유료회원제",
					"밴드 회원",
					"유료 회원",
					"밴드 플러스",
					"밴드 회원제",
					"유료 멤버십",
					"유료 회원제",
					"band plus",
					"bandplus"
				]
			}
		],
		"fuzzy_match": true
	},
	{
		"entity": "푸디야놀자",
		"values": [
			{
				"type": "synonyms",
				"value": "푸디야놀자",
				"synonyms": [
					"푸디야놀자",
					"푸디야노올자",
					"푸디야노올자!",
					"푸디야노올자~",
					"푸디야놀자!",
					"푸디야놀자~",
					"푸디야 놀자",
					"푸디야 노올자",
					"푸디야 노올자!",
					"푸디야 노올자~",
					"푸디야 놀자!",
					"푸디야 놀자~"
				]
			}
		]
	},
	{
		"entity": "가입안할래요",
		"values": [
			{
				"type": "synonyms",
				"value": "가입안할래요",
				"synonyms": [
					"가입안할래",
					"가입안할래요"
				]
			}
		]
	},
	{
		"entity": "골드카드안내",
		"values": [
			{
				"type": "synonyms",
				"value": "골드카드 갱신 안내",
				"synonyms": [
					"갱신",
					"갱신하는 방법",
					"골드카드 갱신",
					"골드카드 갱신 방법",
					"골드카드 갱신 안내",
					"갱신 안내",
					"갱신 방법 안내",
					"갱신 방법 안내해줘"
				]
			},
			{
				"type": "synonyms",
				"value": "골드카드 인증 안내",
				"synonyms": [
					"인증",
					"골드카드 인증",
					"골드카드 인증 안내",
					"인증 안내",
					"인증 방법 안내",
					"인증 하는 방법"
				]
			},
			{
				"type": "synonyms",
				"value": "골드카드 혜택 안내",
				"synonyms": [
					"골드카드혜택 알려줘",
					"골드카드 혜택",
					"골드회원 혜택",
					"골드카드 혜택안내",
					"골드회원 혜택안내",
					"골드카드 혜택 안내",
					"골드회원 혜택 안내",
					"골드회원 혜택 안내해줘"
				]
			},
			{
				"type": "synonyms",
				"value": "골드카드 가입 방법 안내",
				"synonyms": [
					"골드카드 가입",
					"골드카드 가입방법",
					"골드카드 가입안내",
					"골드회원 가입방법",
					"골드회원 가입방법안내",
					"골드카드 가입방법 안내",
					"골드회원 가입방법 안내",
					"골드회원 가입 안내",
					"골드카드 가입 안내해줘",
					"골드카드 가입 방법 안내",
					"골드카드 가입 방법 안내해줘"
				]
			},
			{
				"type": "synonyms",
				"value": "골드카드 이용 관련 안내",
				"synonyms": [
					"이용",
					"이용안내",
					"이용관련안내",
					"골드카드이용관련안내",
					"이용관련 안내",
					"골드카드 이용관련 안내",
					"골드카드 이용 관련 안내",
					"이용 관련",
					"이용 안내",
					"이용 안내해줘",
					"이용 관련 안내",
					"이용 방법 안내",
					"이용 방법 안내해줘"
				]
			}
		]
	},
	{
		"entity": "교양없는호출",
		"values": [
			{
				"type": "synonyms",
				"value": "교양없는호출",
				"synonyms": [
					"야",
					"바보",
					"어이",
					"이놈",
					"멍청아",
					"멍청이",
					"멍충아",
					"바보야",
					"이놈아",
					"이새끼",
					"자식아",
					"짜식아",
					"바보놈아",
					"이자식아",
					"멍청이놈아",
					"멍청이 놈아",
					"바보 놈아",
					"어이!",
					"어이~",
					"이 놈아",
					"이 새끼",
					"이 새끼야",
					"이 자식아",
					"야!",
					"야~"
				]
			}
		]
	},
	{
		"entity": "동원냉장냉동",
		"values": [
			{
				"type": "synonyms",
				"value": "동원냉장냉동",
				"synonyms": [
					"냉동",
					"냉장",
					"동원냉장냉동",
					"동원 냉장냉동",
					"동원 냉장냉동 (만두, 축수산가공, 햄/어묵/맛살, 유제품/치즈/소스 등)",
					"B",
					"B번"
				]
			}
		]
	},
	{
		"entity": "롯데리아행사",
		"values": [
			{
				"type": "synonyms",
				"value": "롯데리아",
				"synonyms": [
					"롯데리아",
					"새우버거쿠폰",
					"신규가입자 새우버거",
					"롯데리아 쿠폰",
					"롯데리아 행사",
					"롯데리아 이벤트",
					"롯데리아 새우버거",
					"롯데리아 신규가입 행사",
					"신규가입 새우 버거 쿠폰"
				]
			}
		]
	},
	{
		"entity": "문의유형안내",
		"values": [
			{
				"type": "synonyms",
				"value": "문의유형안내",
				"synonyms": [
					"문의유형",
					"문의유형안내해",
					"문의유형안내해줘",
					"문의유형 안내",
					"문의유형 알려줘",
					"문의유형 안내해줘",
					"문의유형 알려주세요",
					"문의 유형",
					"문의 유형안내",
					"문의 유형안내해",
					"문의 유형 안내",
					"문의 유형 안내해",
					"문의 유형 알려줘",
					"문의 유형 안내해줘",
					"문의 유형 알려줄래",
					"문의 유형 알려주세요",
					"문의 유형 안내 해줘"
				]
			}
		]
	},
	{
		"entity": "주문상품변경",
		"values": [
			{
				"type": "synonyms",
				"value": "배송중",
				"synonyms": [
					"배송중",
					"배송즁",
					"배송증",
					"베송중",
					"배송 중",
					"배송 즁",
					"배송 증",
					"베송 중"
				]
			},
			{
				"type": "synonyms",
				"value": "결제완료",
				"synonyms": [
					"결재완료",
					"결재왈료",
					"결제완료",
					"결제왈료",
					"결재 완료",
					"결재 왈료",
					"결제 완료",
					"결제 왈료"
				]
			},
			{
				"type": "synonyms",
				"value": "발송완료",
				"synonyms": [
					"발송완료",
					"발송왈료",
					"발송 완료",
					"발송 왈료"
				]
			},
			{
				"type": "synonyms",
				"value": "발송준비",
				"synonyms": [
					"발송준비",
					"발송쥰비",
					"발송 준비",
					"발송 쥰비"
				]
			},
			{
				"type": "synonyms",
				"value": "배송완료",
				"synonyms": [
					"배송완료",
					"배송왈료",
					"베송완료",
					"베송왈료",
					"배송 완료",
					"배송 왈료",
					"베송 완료",
					"베송 왈료"
				]
			},
			{
				"type": "synonyms",
				"value": "주문접수",
				"synonyms": [
					"주문접수",
					"주문접슈",
					"주문 접수",
					"주문 접슈"
				]
			}
		]
	},
	{
		"entity": "환불소요기간",
		"values": [
			{
				"type": "synonyms",
				"value": "반품완료",
				"synonyms": [
					"반품완료",
					"반품왈료",
					"반품 완료",
					"반품 왈료"
				]
			},
			{
				"type": "synonyms",
				"value": "반품접수",
				"synonyms": [
					"반품접수",
					"반품접슈",
					"반퓸접수",
					"반품 접수",
					"반품 접슈",
					"반퓸 접수"
				]
			},
			{
				"type": "synonyms",
				"value": "반품지시",
				"synonyms": [
					"반품지시",
					"반퓸지시",
					"반품 지시",
					"반퓸 지시"
				]
			},
			{
				"type": "synonyms",
				"value": "주문취소",
				"synonyms": [
					"주문취소",
					"쥬문취소",
					"주문 취소",
					"쥬문 취소"
				]
			},
			{
				"type": "synonyms",
				"value": "환불신청",
				"synonyms": [
					"환불신청",
					"환불신쳥",
					"환불 신청",
					"환불 신쳥"
				]
			},
			{
				"type": "synonyms",
				"value": "환불완료",
				"synonyms": [
					"환불완료",
					"환불왈료",
					"환불 완료",
					"환불 왈료"
				]
			}
		]
	},
	{
		"entity": "밴드쿨밴드적립",
		"values": [
			{
				"type": "synonyms",
				"value": "밴드쿨밴드 1% 적립",
				"synonyms": [
					"밴드쿨밴드 적립",
					"쿨밴드상품 적립",
					"밴드쿨밴드 상품 적립 ",
					"밴드상품 적립",
					"구매 적립",
					"밴드쿨밴드 1퍼센트 적립",
					"밴드쿨밴드 1프로 적립",
					"밴드쿨밴드1%적립",
					"쿨밴드 1% 적립",
					"밴드 1% 적립",
					"1퍼센트 적립",
					"1프로 적립",
					"1% 적립"
				]
			}
		],
		"fuzzy_match": true
	},
	{
		"entity": "밴드플러스소개",
		"values": [
			{
				"type": "synonyms",
				"value": "밴드플러스가 뭔가요?",
				"synonyms": [
					"밴드플러스가 뭐지",
					"밴드플러스가 뭔지 알려줘",
					"밴드플러스가 뭐죠?",
					"밴드플러스란?",
					"밴드플러스 뜻",
					"밴드플러스 소개",
					"밴드 플러스가 무엇인지",
					"밴드 플러스 소개",
					"밴드 플러스 서비스 소개"
				]
			}
		],
		"fuzzy_match": true
	},
	{
		"entity": "밴드플러스혜택",
		"values": [
			{
				"type": "synonyms",
				"value": "밴드플러스혜택",
				"synonyms": [
					"밴드플러스혜택",
					"밴드플러스 이득",
					"밴드플러스 혜택",
					"밴드플러스 좋은점",
					"밴드플러스 가입혜택",
					"밴드플러스 가입하면 좋은 점",
					"밴드플러스 가입하면 받는 혜택",
					"밴드플러스 가입 혜택"
				]
			}
		],
		"fuzzy_match": true
	},
	{
		"entity": "아니오보입니다",
		"values": [
			{
				"type": "synonyms",
				"value": "아니오, 보입니다",
				"synonyms": [
					"아니오 보입니다",
					"아니요 보입니다",
					"아니여, 보여요",
					"아니오, 보여요",
					"아니요, 보여요",
					"아니여, 보입니다",
					"아니요, 보입니다",
					"아녀 보여요",
					"아녀 보입니다"
				]
			}
		]
	},
	{
		"entity": "어른을위한선물",
		"values": [
			{
				"type": "synonyms",
				"value": "어른을 위한 선물",
				"synonyms": [
					"어른을위한선물",
					"어른을 위한 선물"
				]
			}
		]
	},
	{
		"entity": "이벤트참여방법",
		"values": [
			{
				"type": "synonyms",
				"value": "이벤트 참여 방법",
				"synonyms": [
					"이벤트 방법",
					"이벤트 참여",
					"이벤트 참여방법",
					"이벤트 참여 방법",
					"이벤트 참여 방법여",
					"이벤트 참여 방법요",
					"이벤트 참여 방법이여",
					"이벤트 참여 방법이요",
					"참여 방법요",
					"참여 방법이요",
					"참여 방법 안내",
					"참여 방법 알려줘"
				]
			}
		],
		"fuzzy_match": false
	},
	{
		"entity": "이벤트참여혜택",
		"values": [
			{
				"type": "synonyms",
				"value": "이벤트참여혜택",
				"synonyms": [
					"행사참여혜택",
					"이벤트참여혜택",
					"이벤트 참여혜택",
					"이벤트 참여하면 혜택",
					"이벤트 참여 혜택",
					"이벤트 참여 시 혜택",
					"행사 참여혜택",
					"행사 참여 혜택"
				]
			}
		],
		"fuzzy_match": false
	},
	{
		"entity": "인증완료했어요",
		"values": [
			{
				"type": "synonyms",
				"value": "인증완료했어요",
				"synonyms": [
					"인증완료",
					"인증완료했어요",
					"인증 완료했어요"
				]
			}
		]
	},
	{
		"entity": "참가신청및문의",
		"values": [
			{
				"type": "synonyms",
				"value": "참가신청및문의",
				"synonyms": [
					"문의",
					"문의여",
					"문의요",
					"참가신청",
					"참가신청이여",
					"참가신청이요",
					"참가신청 및 문의",
					"참가신청&문의",
					"참가 문의",
					"참가 신청 방법",
					"5",
					"5번",
					"5.",
					"5. 참가신청 및 문의",
					"⑤"
				]
			}
		],
		"fuzzy_match": false
	},
	{
		"entity": "밴드플러스연회비",
		"values": [
			{
				"type": "synonyms",
				"value": "밴드플러스 연회비 얼마에요?",
				"synonyms": [
					"가입비",
					"연회비",
					"밴드플러스 가입비",
					"밴드플러스 연회비",
					"밴드플러스 가입비 얼마",
					"밴드플러스 연회비 가격",
					"밴드플러스 연회비 얼마",
					"밴드플러스 연회비 알려줘",
					"밴드플러스 연회비 얼마인지",
					"밴드플러스 연회비 얼마인가요?",
					"밴드 플러스 가입비",
					"밴드 플러스 연회비 "
				]
			}
		],
		"fuzzy_match": true
	},
	{
		"entity": "밴드플러스이벤트",
		"values": [
			{
				"type": "synonyms",
				"value": "밴드플러스이벤트",
				"synonyms": [
					"밴드플러스이벤트",
					"밴드플러스가입 이벤트",
					"밴드플러스 이벤트",
					"밴드플러스 친구추천 이벤트",
					"밴드플러스 가입 이벤트",
					"밴드플러스 전용 이벤트",
					"밴드플러스 친구 추천 이벤트",
					"밴드 플러스 이벤트",
					"밴드 플러스 회원 이벤트"
				]
			}
		],
		"fuzzy_match": true
	},
	{
		"entity": "어린이를위한선물",
		"values": [
			{
				"type": "synonyms",
				"value": "어린이를 위한 선물",
				"synonyms": [
					"어린이를위한선물",
					"어린이를 위한 선물"
				]
			}
		]
	},
	{
		"entity": "주문취소방법안내",
		"values": [
			{
				"type": "synonyms",
				"value": "배송중",
				"synonyms": [
					"배송중",
					"배송즁",
					"배송증",
					"베송중",
					"베송즁",
					"배송 중",
					"배송 즁",
					"배송 증",
					"베송 중",
					"베송 즁"
				]
			},
			{
				"type": "synonyms",
				"value": "결제완료",
				"synonyms": [
					"결재완료",
					"결재왈료",
					"결제완료",
					"결제왈료",
					"결재 완료",
					"결재 왈료",
					"결제 완료",
					"결제 왈료"
				]
			},
			{
				"type": "synonyms",
				"value": "발송완료",
				"synonyms": [
					"발송완료",
					"발송왈료",
					"발숑완료",
					"발송 완료",
					"발송 왈료",
					"발숑 완료"
				]
			},
			{
				"type": "synonyms",
				"value": "발송준비",
				"synonyms": [
					"발송준비",
					"발송쥰비",
					"발송 준비",
					"발송 쥰비"
				]
			},
			{
				"type": "synonyms",
				"value": "발송지연",
				"synonyms": [
					"발송지연",
					"발숑지연",
					"발송 지연",
					"발숑 지연"
				]
			},
			{
				"type": "synonyms",
				"value": "배송완료",
				"synonyms": [
					"배송완료",
					"배송왈료",
					"베송완료",
					"배송 완료",
					"배송 왈료",
					"베송 완료"
				]
			},
			{
				"type": "synonyms",
				"value": "주문접수",
				"synonyms": [
					"주문접수",
					"주문접슈",
					"쥬문접수",
					"주문 접수",
					"주문 접슈",
					"쥬문 접수"
				]
			}
		]
	},
	{
		"entity": "주문후주소지변경",
		"values": [
			{
				"type": "synonyms",
				"value": "배송중",
				"synonyms": [
					"배송중",
					"배송즁",
					"배송증",
					"배송 중",
					"배송 즁",
					"배송 증"
				]
			},
			{
				"type": "synonyms",
				"value": "결제완료",
				"synonyms": [
					"결재완료",
					"결제완뇨",
					"결제완료",
					"결제왈료",
					"결제왈룔",
					"결재 완료",
					"결제 완뇨",
					"결제 완료",
					"결제 왈료"
				]
			},
			{
				"type": "synonyms",
				"value": "발송완료",
				"synonyms": [
					"발송완료",
					"발송왈료",
					"발송 완료",
					"발송 왈료"
				]
			},
			{
				"type": "synonyms",
				"value": "발송준비",
				"synonyms": [
					"발송준비",
					"발송쥰비",
					"발숑준비",
					"발송 준비",
					"발송 쥰비",
					"발숑 준비"
				]
			},
			{
				"type": "synonyms",
				"value": "발송지연",
				"synonyms": [
					"발송지년",
					"발송지연",
					"발송 지연",
					"발송지연ㄴ",
					"발송 지연ㄴ"
				]
			},
			{
				"type": "synonyms",
				"value": "배송완료",
				"synonyms": [
					"배송완료",
					"배송왈료",
					"배송 완료",
					"배송 왈료"
				]
			},
			{
				"type": "synonyms",
				"value": "주문접수",
				"synonyms": [
					"주문접수",
					"주문접슈",
					"주문졉수",
					"주문 접수",
					"주문 접슈",
					"주문 졉수"
				]
			}
		]
	},
	{
		"entity": "처음으로돌아가기",
		"values": [
			{
				"type": "synonyms",
				"value": "처음으로돌아가기",
				"synonyms": [
					"시작",
					"처음",
					"시작으로",
					"처음으로",
					"시작으로 가기",
					"시작으로 이동",
					"처음으로 가기",
					"처음으로 가자",
					"처음으로 가줘",
					"처음으로 이동",
					"처음으로 돌아가",
					"처음으로 돌아가기",
					"처음으로 돌아가라",
					"맨 처음",
					"맨 처음으로",
					"맨 처음으로 가기",
					"맨 처음으로 가자",
					"맨 처음으로 가줘",
					"맨 처음으로 이동"
				]
			}
		]
	},
	{
		"entity": "취소반품여부안내",
		"values": [
			{
				"type": "synonyms",
				"value": "배송중",
				"synonyms": [
					"배송중",
					"배송 중"
				]
			},
			{
				"type": "synonyms",
				"value": "결제완료",
				"synonyms": [
					"결제완료",
					"결제 완료"
				]
			},
			{
				"type": "synonyms",
				"value": "발송완료",
				"synonyms": [
					"발송완료",
					"발송 완료"
				]
			},
			{
				"type": "synonyms",
				"value": "발송준비",
				"synonyms": [
					"발송준비",
					"발송 준비"
				]
			},
			{
				"type": "synonyms",
				"value": "발송지연",
				"synonyms": [
					"발송지연"
				]
			},
			{
				"type": "synonyms",
				"value": "배송완료",
				"synonyms": [
					"배송완료",
					"배송 완료"
				]
			},
			{
				"type": "synonyms",
				"value": "주문접수",
				"synonyms": [
					"주문접수",
					"주문 접수"
				]
			}
		]
	},
	{
		"entity": "이벤트유의사항안내",
		"values": [
			{
				"type": "synonyms",
				"value": "이벤트유의사항안내",
				"synonyms": [
					"유의사항",
					"유의사항이여",
					"유의사항이요",
					"유의사항 안내",
					"유의사항 안내여",
					"유의사항 안내요",
					"이벤트 안내",
					"이벤트 유의사항",
					"이벤트 유의사항 안내",
					"이벤트 유의사항 보여줘",
					"이벤트 유의사항 안내여",
					"이벤트 유의사항 안내요",
					"이벤트 유의사항 안내해줘"
				]
			}
		]
	},
	{
		"entity": "참가비용및결제방법",
		"values": [
			{
				"type": "synonyms",
				"value": "참가비용및결제방법",
				"synonyms": [
					"삼번",
					"참가비",
					"결제방법",
					"삼번이여",
					"삼번이요",
					"참가비용",
					"참가비용 및 결제방법",
					"참가비용&결제방법",
					"결제 어떻게",
					"3",
					"3번",
					"3번여",
					"3번이요",
					"3번 요",
					"3.",
					"3. 참가비용&결제방법",
					"3. 결제 방법",
					"3. 참가 비용",
					"③"
				]
			}
		],
		"fuzzy_match": false
	},
	{
		"entity": "투어기간및접수기간",
		"values": [
			{
				"type": "synonyms",
				"value": "투어기간및접수기간",
				"synonyms": [
					"이번",
					"접수기간",
					"투어기간",
					"투어기간이랑 접수기간",
					"투어기간 및 접수기간",
					"투어기간&접수기간",
					"접수 기간",
					"투어 기간",
					"2",
					"2번",
					"2번 접수기간",
					"2번 투어기간",
					"2.",
					"2. 투어기간&접수기간",
					"2. 접수 기간",
					"2. 투어 기간",
					"②"
				]
			}
		],
		"fuzzy_match": false
	},
	{
		"entity": "투어장소및투어일정",
		"values": [
			{
				"type": "synonyms",
				"value": "투어장소및투어일정",
				"synonyms": [
					"사번",
					"사번이여",
					"사번이요",
					"투어일정",
					"투어장소",
					"투어장소랑 투어일정",
					"투어장소&투어일정",
					"장소랑 일정",
					"투어 시간표",
					"투어 어디서",
					"4",
					"4번",
					"4번이여",
					"4번이요",
					"4.",
					"4. 투어장소&투어일정",
					"4. 투어 일정",
					"4. 투어 장소",
					"④"
				]
			}
		],
		"fuzzy_match": false
	},
	{
		"entity": "회원서비스관련문의",
		"values": [
			{
				"type": "synonyms",
				"value": "회원서비스 관련 문의",
				"synonyms": [
					"회원서비스관련문의",
					"회원서비스관련 문의",
					"회원서비스 관련",
					"회원서비스 문의",
					"회원서비스 관련 문의"
				]
			}
		]
	},
	{
		"entity": "밴드플러스멤버십소개",
		"values": [
			{
				"type": "synonyms",
				"value": "밴드플러스멤버십소개",
				"synonyms": [
					"밴드플러스멤버십 소개",
					"밴드플러스 멤버십안내",
					"밴드플러스 멤버십 소개",
					"밴드플러스 멤버십 안내",
					"밴드플러스 멤버십 소개하기",
					"밴드 플러스 멤버십",
					"밴드 플러스 멤버십소개",
					"밴드 플러스 멤버십 소개",
					"밴드 플러스 멤버십 안내",
					"밴드 플러스 회원제 소개"
				]
			}
		],
		"fuzzy_match": true
	},
	{
		"entity": "새우버거쿠폰확인방법",
		"values": [
			{
				"type": "synonyms",
				"value": "새우버거 쿠폰",
				"synonyms": [
					"새우버거 쿠폰",
					"새우버거 쿠폰 확인",
					"새우버거 확인 방법",
					"새우버거 쿠폰 확인요",
					"새우버거 쿠폰 확인이요",
					"새우버거 쿠폰 확인 방법",
					"새우버거 쿠폰 확인 방법이요",
					"쿠폰 확인",
					"쿠폰 확인이요",
					"버거 쿠폰 확인",
					"쿠폰 확인 방법",
					"버거 쿠폰 확인 방법",
					"쿠폰 확인 방법 알려줘"
				]
			}
		]
	},
	{
		"entity": "임직원포인트소멸기한",
		"values": [
			{
				"type": "synonyms",
				"value": "임직원포인트소멸기한",
				"synonyms": [
					"임직원포인트소멸기한",
					"복지포인트 만료",
					"복지포인트 소멸",
					"할인포인트 만료",
					"할인포인트 소멸",
					"복지포인트 소멸기한",
					"복지포인트 유효기간",
					"할인포인트 소멸기한",
					"할인포인트 유효기간",
					"임직원 복지포인트 만료",
					"임직원 복지포인트 소멸",
					"임직원 할인포인트 만료",
					"임직원 할인포인트 소멸",
					"임직원 복지포인트 소멸일",
					"임직원 할인포인트 소멸일",
					"임직원 복지포인트 유효기간",
					"임직원 할인포인트 유효기간",
					"임직원 포인트 만료",
					"임직원 포인트 소멸",
					"임직원 포인트 유효기간"
				]
			}
		]
	},
	{
		"entity": "쿠폰및이벤트관련문의",
		"values": [
			{
				"type": "synonyms",
				"value": "쿠폰및이벤트관련문의",
				"synonyms": [
					"문의",
					"쿠폰및이벤트관련문의",
					"이벤트 문의",
					"이벤트 문의여",
					"이벤트 문의요",
					"이벤트 문의할래",
					"이벤트 문의할게요",
					"이벤트 관련 문의",
					"쿠폰 문의",
					"쿠폰 문의여",
					"쿠폰 문의요",
					"쿠폰 문의할래",
					"쿠폰 문의할게요",
					"쿠폰 관련 문의",
					"쿠폰 및 이벤트 문의",
					"쿠폰 및 이벤트 관련 문의"
				]
			}
		]
	},
	{
		"entity": "밴드플러스가입연장해지",
		"values": [
			{
				"type": "synonyms",
				"value": "밴드플러스가입연장해지",
				"synonyms": [
					"밴드플러스가입/연장",
					"밴드플러스가입/해지",
					"밴드플러스연장/해지",
					"밴드플러스가입/연장/해지",
					"밴드플러스 가입",
					"밴드플러스 연장",
					"밴드플러스 해지",
					"밴드플러스 가입하기",
					"밴드플러스 연장하기",
					"밴드플러스 해지하기",
					"밴드플러스 가입, 연장",
					"밴드플러스 가입, 해지",
					"밴드플러스 연장, 해지",
					"밴드플러스 가입/연장/해지"
				]
			}
		],
		"fuzzy_match": true
	},
	{
		"entity": "밴드플러스신규등급여부",
		"values": [
			{
				"type": "synonyms",
				"value": "밴드플러스가 새로운 등급인가요?",
				"synonyms": [
					"밴드플러스가 새로운 등급인지",
					"밴드플러스가 새로운 등급인지 알려줘",
					"밴드플러스가 신규 등급인가요?",
					"밴드플러스 등급",
					"밴드플러스 새로운 등급",
					"밴드플러스 새로운 등급 여부",
					"밴드플러스 신규 등급",
					"밴드플러스 신규 등급 여부",
					"밴드 플러스가 새로운 등급인지 궁금해"
				]
			}
		],
		"fuzzy_match": true
	},
	{
		"entity": "아메리카노쿠폰확인방법",
		"values": [
			{
				"type": "synonyms",
				"value": "아메리카노쿠폰확인방법",
				"synonyms": [
					"아메리카노쿠폰 확인 방법",
					"아메리카노 쿠폰",
					"아메리카노 쿠폰 어디",
					"아메리카노 쿠폰 확인",
					"아메리카노 쿠폰 확인하려면",
					"아메리카노 쿠폰 확인 방법"
				]
			}
		],
		"fuzzy_match": false
	},
	{
		"entity": "양반김장투어만의특별한세가지",
		"values": [
			{
				"type": "synonyms",
				"value": "양반김장투어만의특별한세가지",
				"synonyms": [
					"일번",
					"일번이여",
					"일번이요",
					"김장투어만의 특별한 세가지",
					"김장투어 특별한 이유",
					"특별한 세가지",
					"양반 김장투어만의 특별한 세가지",
					"1",
					"1번",
					"1번 양반 김장투어만의 특별한 세가지",
					"1.",
					"①",
					"1번 양반 김장투어만의 특별한 3가지",
					"김장투어만의 특별한 3가지",
					"특별한 3가지",
					"양반 김장투어만의 특별한 3가지"
				]
			}
		],
		"fuzzy_match": false
	},
	{
		"entity": "문의유형-끄기",
		"values": [
			{
				"type": "synonyms",
				"value": "끄기",
				"synonyms": [
					"영",
					"영번",
					"영 번",
					"0",
					"0번",
					"0 번"
				]
			}
		]
	},
	{
		"entity": "영수증_세금계산서관련문의",
		"values": [
			{
				"type": "synonyms",
				"value": "영수증/세금계산서 관련 문의",
				"synonyms": [
					"세금계산서 문의",
					"영수증 문의",
					"영수증 세금계산서 문의",
					"영수증 세금 계산서 관련 문의",
					"영수증/세금계산서 문의",
					"영수증/세금계산서 관련문의",
					"영수증/세금계산서 관련 문의"
				]
			}
		]
	},
	{
		"entity": "적립금_쿠폰_씨앗관련문의",
		"values": [
			{
				"type": "synonyms",
				"value": "적립금/쿠폰/씨앗 관련 문의",
				"synonyms": [
					"적립금 쿠폰 씨앗 문의",
					"적립금/쿠폰/씨앗 문의",
					"적립금/쿠폰/씨앗 관련문의",
					"적립금/쿠폰/씨앗 관련 문의"
				]
			}
		]
	},
	{
		"entity": "주문_결제_배송관련문의",
		"values": [
			{
				"type": "synonyms",
				"value": "주문/결제/배송 관련 문의",
				"synonyms": [
					"결제 문의",
					"배송 문의",
					"주문 문의",
					"결제 관련 문의",
					"배송 관련 문의",
					"주문 관련 문의",
					"주문 결제 배송 문의",
					"주문 결제 배송 관련 문의",
					"주문/결제/배송 관련 문의"
				]
			}
		]
	},
	{
		"entity": "교환_반품_AS관련문의",
		"values": [
			{
				"type": "synonyms",
				"value": "교환/반품/AS 관련 문의",
				"synonyms": [
					"교환 문의",
					"반품 문의",
					"교환 반품 AS 문의",
					"교환 반품 AS 관련 문의",
					"교환/반품/AS 문의",
					"교환/반품/AS 관련문의",
					"교환/반품/AS 관련 문의",
					"AS 문의"
				]
			}
		]
	}
]